{
  "totalBTCMined": 0.0000017160000000000002,
  "totalUSDEarned": 0.21092003361000003,
  "realBTCPrice": 122913.7725,
  "sessionsCompleted": 0,
  "realSharesAccepted": 0,
  "realPayouts": [
    {
      "timestamp": 1759697402893,
      "btcAmount": 0.0000017160000000000002,
      "usdValue": 0.21092003361000003,
      "btcPrice": 122913.7725,
      "source": "NiceHash_share",
      "wallet": "1QF4sh6yqZ4ZgAbTnGXRt1WwCXiVtBFddz"
    }
  ],
  "startTime": 1759697401208,
  "lastPriceUpdate": 1759697402302
}