{
  "timestamp": "2025-10-05T21:50:03.157Z",
  "wallets": {
    "BTC_MINING": "1QF4sh6yqZ4ZgAbTnGXRt1WwCXiVtBFddz",
    "BTC_KRAKEN": "34XctrDk5T32VxMB12nbTDbZhCNcnhZLzf"
  },
  "totalBTC": 0.0000017160000000000002,
  "totalUSD": 0.21092003361000003,
  "currentBTCPrice": 122707.3075,
  "totalShares": 0,
  "payoutHistory": [
    {
      "timestamp": 1759697402893,
      "btcAmount": 0.0000017160000000000002,
      "usdValue": 0.21092003361000003,
      "btcPrice": 122913.7725,
      "source": "NiceHash_share",
      "wallet": "1QF4sh6yqZ4ZgAbTnGXRt1WwCXiVtBFddz"
    }
  ],
  "sessionDuration": 3601961
}