{
  "version": "aurrelia-sbom-v1",
  "generatedTs": "2025-10-19T19:58:38.652Z",
  "root": "C:\\Users\\user\\OneDrive\\AppData\\Documents\\mining",
  "fileCount": 14,
  "files": [
    {
      "path": "advanced-language-engine.js",
      "sha256": "<HASH>",
      "bytes": 10036,
      "type": "script"
    },
    {
      "path": "aurrelia-pico-mesh-miner.js",
      "sha256": "<HASH>",
      "bytes": 398484,
      "type": "script"
    },
    {
      "path": "build-production-iso.ps1",
      "sha256": "<HASH>",
      "bytes": 7660,
      "type": "script"
    },
    {
      "path": "ci-deterministic-build.ps1",
      "sha256": "<HASH>",
      "bytes": 3829,
      "type": "script"
    },
    {
      "path": "coin-config.js",
      "sha256": "<HASH>",
      "bytes": 4491,
      "type": "script"
    },
    {
      "path": "final-mining-test.js",
      "sha256": "<HASH>",
      "bytes": 7864,
      "type": "script"
    },
    {
      "path": "PRODUCTION-ISO.md",
      "sha256": "<HASH>",
      "bytes": 5877,
      "type": "doc"
    },
    {
      "path": "README_METRICS.md",
      "sha256": "<HASH>",
      "bytes": 8435,
      "type": "doc"
    },
    {
      "path": "seraphina-wallet-companion.js",
      "sha256": "<HASH>",
      "bytes": 7385,
      "type": "script"
    },
    {
      "path": "system-repro-test.js",
      "sha256": "<HASH>",
      "bytes": 3797,
      "type": "script"
    },
    {
      "path": "system-repro-verify.js",
      "sha256": "<HASH>",
      "bytes": 2380,
      "type": "script"
    },
    {
      "path": "verify-btc-address.js",
      "sha256": "<HASH>",
      "bytes": 2043,
      "type": "script"
    },
    {
      "path": "verify-fren-address.js",
      "sha256": "<HASH>",
      "bytes": 1798,
      "type": "script"
    },
    {
      "path": "verify-rvn-address.js",
      "sha256": "<HASH>",
      "bytes": 1811,
      "type": "script"
    }
  ],
  "aggregateSha256": "<HASH>",
  "missing": [
    "deterministic-ai-core.js"
  ]
}