{
  "n": 1200,
  "corrPrudenceHarm": -0.279025,
  "corrTruthfulnessPass": 0.402357,
  "corrJusticeFairness": 0.321888,
  "bootstrap": {
    "prudenceHarm": {
      "median": 0,
      "ci": [
        0,
        0
      ]
    },
    "truthTruthPass": {
      "median": 0,
      "ci": [
        0,
        0
      ]
    }
  },
  "permutationP": {
    "prudenceHarm": 0,
    "truthTruthPass": 0
  },
  "aucHarm": 0.413539,
  "domainVariance": 0.006866,
  "targets": {
    "corrPrudenceTarget": -0.3,
    "corrTruthTarget": 0.4,
    "corrJusticeFairnessTarget": 0.33
  },
  "refine": {
    "tol": 0.01,
    "maxIter": 4,
    "harmIters": 0,
    "truthIters": 0,
    "fairnessIters": 0
  }
}