{
  "$schema": "http://json-schema.org/draft-07/schema#",
  "title": "SeraphinaSimulationCache",
  "type": "object",
  "required": ["version", "generatedTs", "entries"],
  "properties": {
  "version": { "type": "string", "pattern": "^1\\.(0|1|2)\\.0$" },
    "generatedTs": { "type": "integer", "minimum": 0 },
  "compressed": { "type": "boolean" },
    "entries": {
      "type": "object",
      "additionalProperties": {
        "type": "object",
        "required": ["metrics", "createdTs", "lastAccessTs"],
        "properties": {
          "metrics": { "type": "object" },
          "createdTs": { "type": "integer", "minimum": 0 },
          "lastAccessTs": { "type": "integer", "minimum": 0 },
          "hash": { "type": "string", "pattern": "^[a-f0-9]{64}$" }
        },
        "additionalProperties": false
      }
    }
  },
  "additionalProperties": false
}
