{
  "version": "seraphina-logistic-mt-202511111552",
  "features": 26,
  "headA": {
    "w": [
      -0.73252823,
      -0.81816188,
      -0.0112818,
      -0.82478969,
      -0.01343013,
      -0.73662278,
      -0.00960089,
      -0.01608985,
      -0.00043137,
      0.00286275,
      -0.00513725,
      -0.00262745,
      -0.00247059,
      -0.00207843,
      0.00529412,
      -0.00231373,
      -0.00647059,
      -0.00607843,
      0.00160784,
      -0.00027451,
      0.00945098,
      0.00631373,
      0.00835294,
      -0.00607843,
      -0.00058824,
      0.00608538
    ],
    "b": -1.46742359
  },
  "headB": {
    "w": [
      null,
      null,
      null,
      null,
      null,
      null,
      null,
      null,
      null,
      null,
      null,
      null,
      null,
      null,
      null,
      null,
      null,
      null,
      null,
      null,
      null,
      null,
      null,
      null,
      null,
      null
    ],
    "b": -0.47003443
  },
  "meta": {
    "acc": 1,
    "successRate": 1,
    "accEthical": 0.794702,
    "successRateEthical": 0.794702,
    "lossA": 0.043377,
    "lossB": null,
    "avgProbA": 0.042151,
    "avgProbB": 0,
    "medianFren": 0.5215686274509804,
    "medianEA": 0.6494117647058822,
    "medianEmp": 0.5366666666666666,
    "config": {
      "vectorMode": "loop",
      "batchSchedule": [
        0
      ],
      "lrSchedule": [
        0.1
      ],
      "epochs": 120,
      "simdEnabled": false
    },
    "configDigest": "4dabe22a08dc",
    "integrity": {
      "paramsDigest": "ffd88741db92b99ebe2c54b5",
      "metricsDigest": "28793dbcc0e8e73ee4840746",
      "integrityHash": "<HASH>"
    },
    "integrityDigest": "<HASH>"
  }
}