{
  "ts": 1762990640370,
  "acc": 1,
  "successRate": 1,
  "accEthical": 0.794702,
  "successRateEthical": 0.794702,
  "ethicalImprove": 0,
  "lossA": 0.545426,
  "lossB": null,
  "lossImprove": -0.502049,
  "lossDeltaA": -0.502049,
  "improvement": 0,
  "promoted": false,
  "rationale": {
    "improvement": 0,
    "ethicalImprove": 0,
    "lossImprove": -0.502049,
    "lossDeltaA": -0.502049,
    "smoothGain": 0.045727,
    "emaGain": 0,
    "emaVsMedianDelta": 0,
    "rollingEmaVsMedianAvg": 0.336093,
    "windowMedianAcc": 1,
    "lossDeltaSmooth": -0.293266,
    "emaMedianThresh": 0.01,
    "rollingTrendThresh": 0.005,
    "threshold": 0.03,
    "params": {
      "SMOOTH_WINDOW": 20,
      "EMA_ALPHA": 0,
      "LABEL_FLIP_PCT": 0,
      "EMA_MEDIAN_THRESH": 0.01
    }
  },
  "smoothAccA": 0.954273,
  "emaAccA": 1,
  "emaAccEthical": 0.794702,
  "windowMedianAcc": 1,
  "emaVsMedianDelta": 0,
  "rollingEmaVsMedianAvg": 0.336093,
  "alertHighTriggered": false,
  "alertLowTriggered": false,
  "alertSeverity": "none",
  "alertBasis": {
    "rollingEmaVsMedianAvg": 0.336093,
    "latestDelta": 0,
    "magnitude": 0,
    "SEV_HIGH": 0.15,
    "SEV_MED": 0.08
  },
  "reservoirCap": false,
  "datasetSize": 151,
  "epochAvgMs": 1.333
}