{
  "ts": 1762047799897,
  "results": [
    {
      "mode": "loop",
      "exitCode": 0,
      "durationMs": 286,
      "acc": 1,
      "accEthical": 0.794702
    },
    {
      "mode": "native",
      "exitCode": 0,
      "durationMs": 969,
      "acc": 1,
      "accEthical": 0.794702
    },
    {
      "mode": "mathjs",
      "exitCode": 0,
      "durationMs": 1039,
      "acc": 0.039735,
      "accEthical": 0.794702
    },
    {
      "mode": "wasm",
      "exitCode": 0,
      "durationMs": 684,
      "acc": 1,
      "accEthical": 0.794702
    }
  ]
}