{
  "generated": 1763006991032,
  "artifacts": [
    {
      "file": "aurrelia-pico-mesh-miner.js",
      "size": 418258,
      "sha256": "<HASH>"
    },
    {
      "file": "seraphina-mining-portable.js",
      "size": 913,
      "sha256": "<HASH>"
    },
    {
      "file": "integrity-audit.js",
      "size": 3266,
      "sha256": "<HASH>"
    },
    {
      "file": "environment-audit.js",
      "size": 8627,
      "sha256": "<HASH>"
    },
    {
      "file": "package.json",
      "size": 4132,
      "sha256": "<HASH>"
    },
    {
      "file": "governance-ledger.jsonl",
      "size": 408,
      "sha256": "<HASH>"
    },
    {
      "file": "share-ledger.jsonl",
      "size": 230,
      "sha256": "<HASH>"
    },
    {
      "file": "swap-ledger.jsonl",
      "size": 446,
      "sha256": "<HASH>"
    },
    {
      "file": "parity-ledger.jsonl",
      "size": 212,
      "sha256": "<HASH>"
    },
    {
      "file": "econ-realization-ledger.jsonl",
      "size": 276,
      "sha256": "<HASH>"
    },
    {
      "file": "price-ledger.jsonl",
      "size": 166,
      "sha256": "<HASH>"
    },
    {
      "file": "tests/run-tests.js",
      "size": 8411,
      "sha256": "<HASH>"
    }
  ],
  "merkleRoot": "<HASH>",
  "auditMerkleRoot": null,
  "hmacSeal": null,
  "count": 12
}