{
  "ts": 1760675159025,
  "integrityFile": "audit-2025-10-17-04-25-58.json",
  "integrityRoot": "<HASH>",
  "manifestRoot": "<HASH>",
  "manifestAuditRoot": "<HASH>",
  "manifestHmacSeal": null,
  "auditRootMatches": true,
  "environmentChainOk": true,
  "environmentSnapshots": 134,
  "verification": "OK",
  "hmacPresent": false,
  "ledgers": [
    {
      "file": "share-ledger.jsonl",
      "lines": 1,
      "lastLine": "{\"ts\":1760659256447,\"coin\":\"btc\",\"difficulty\":1,\"poolDifficulty\":1,\"shareTarget\":\"abcd\",\"creditEst\":0.0001,\"source\":\"synthetic\",\"acceptLatencyMs\":10,\"chain_hash\":\"<HASH>\"}",
      "lastChainHash": "<HASH>"
    },
    {
      "file": "swap-ledger.jsonl",
      "lines": 2,
      "lastLine": "{\"ts\":1760659257449,\"event\":\"execute\",\"id\":\"syn1\",\"from\":\"rvn\",\"to\":\"btc\",\"amount\":10,\"rate\":0.000001,\"live\":false,\"status\":\"executed\",\"orderId\":\"ord123\",\"chain_hash\":\"<HASH>\"}",
      "lastChainHash": "<HASH>"
    },
    {
      "file": "parity-ledger.jsonl",
      "lines": 1,
      "lastLine": "{\"ts\":1760659256450,\"coin\":\"btc\",\"poolDifficulty\":1,\"difficulty\":1,\"canonicalDifficulty\":1,\"creditEst\":0.0001,\"source\":\"synthetic\",\"chain_hash\":\"<HASH>\"}",
      "lastChainHash": "<HASH>"
    },
    {
      "file": "econ-realization-ledger.jsonl",
      "lines": 1,
      "lastLine": "{\"ts\":1760659256451,\"type\":\"swap_realize\",\"swapId\":\"syn1\",\"from\":\"rvn\",\"to\":\"btc\",\"amountFrom\":10,\"rateUsed\":0.000001,\"realizedUSD\":0.05,\"preCreditUSD\":0.04,\"pnlDeltaUSD\":0.01,\"status\":\"settled\",\"chain_hash\":\"<HASH>\"}",
      "lastChainHash": "<HASH>"
    },
    {
      "file": "price-ledger.jsonl",
      "lines": 1,
      "lastLine": "{\"ts\":1760659256452,\"btc\":60000,\"rvn\":0.02,\"kas\":0.15,\"fren\":0,\"krakenLiveBTC\":60010,\"chain_hash\":\"<HASH>\"}",
      "lastChainHash": "<HASH>"
    },
    {
      "file": "governance-ledger.jsonl",
      "lines": 2,
      "lastLine": "{\"ts\":1760659258453,\"type\":\"approval\",\"proposal\":\"synthetic-prop\",\"hash\":\"hash2\",\"approvals\":[\"nodeA\"],\"activatedTs\":1760659259453,\"chain_hash\":\"<HASH>\"}",
      "lastChainHash": "<HASH>"
    }
  ],
  "chainTips": {
    "share-ledger.jsonl": "<HASH>",
    "swap-ledger.jsonl": "<HASH>",
    "parity-ledger.jsonl": "<HASH>",
    "econ-realization-ledger.jsonl": "<HASH>",
    "price-ledger.jsonl": "<HASH>",
    "governance-ledger.jsonl": "<HASH>"
  }
}