{
  "ts": 1760666492808,
  "results": [
    {
      "file": "share-ledger.jsonl",
      "entries": 1,
      "tip": "<HASH>",
      "ok": true
    },
    {
      "file": "swap-ledger.jsonl",
      "entries": 2,
      "tip": "<HASH>",
      "ok": true
    },
    {
      "file": "parity-ledger.jsonl",
      "entries": 1,
      "tip": "<HASH>",
      "ok": true
    },
    {
      "file": "econ-realization-ledger.jsonl",
      "entries": 1,
      "tip": "<HASH>",
      "ok": true
    },
    {
      "file": "price-ledger.jsonl",
      "entries": 1,
      "tip": "<HASH>",
      "ok": true
    },
    {
      "file": "governance-ledger.jsonl",
      "entries": 2,
      "tip": "<HASH>",
      "ok": true
    }
  ],
  "merkleRoot": "<HASH>",
  "globalMerkleRoot": "<HASH>",
  "seal": null
}
