{
  "build_name": "Seraphina.AGI",
  "version": "1.0.0-full",
  "build_type": "comprehensive-deterministic",
  "license": "MIT",
  "build_date": "2025-11-28T21:02:50.338892",
  "deterministic": true,
  "components": {
    "encryption": "OctaBit (SHA-256 + AES-256 GCM + Pico Mesh)",
    "mining": "Aurrelia processors (SHA-256d, adaptive state)",
    "iso_builder": "Ubuntu 24.04 minbase + sealed manifest",
    "management": "OctaPowershell (HMAC-sealed commands)",
    "services": "Aurrelia miners, Copilot, NVIDIA, OctaPowershell",
    "tests": "58 unit tests + integration tests",
    "audit": "Security audit with 8 categories",
    "docs": "Full architecture documentation"
  }
}