{
  "dashboard": {
    "id": null,
    "title": "Wheel Backend Mining Dashboard",
    "tags": ["aurrelia", "wheel", "mining"],
    "style": "dark",
    "timezone": "browser",
    "panels": [
      {
        "title": "Mining Overview Hashrate",
        "type": "stat",
        "targets": [
          { "expr": "rate(aurrelia_hashes_total[5m])", "legendFormat": "Hashes/s" }
        ],
        "fieldConfig": { "defaults": { "unit": "short", "color": { "mode": "palette-classic" } } },
        "gridPos": { "h": 6, "w": 6, "x": 0, "y": 0 }
      },
      {
        "title": "Share Acceptance Ratio",
        "type": "stat",
        "targets": [
          { "expr": "aurrelia_share_accept_ratio", "legendFormat": "Acceptance" }
        ],
        "fieldConfig": { "defaults": { "unit": "percentunit" } },
        "gridPos": { "h": 6, "w": 6, "x": 6, "y": 0 }
      },
      {
        "title": "Color Phase Distribution",
        "type": "heatmap",
        "targets": [
          { "expr": "sum(rate(wheel_color_phase_histogram_bucket[5m])) by (le, mood)", "legendFormat": "{{mood}}" }
        ],
        "gridPos": { "h": 8, "w": 12, "x": 12, "y": 0 }
      },
      {
        "title": "Aggregate Spin Variance",
        "type": "gauge",
        "targets": [ { "expr": "wheel_aggregate_spin_variance", "legendFormat": "Variance" } ],
        "fieldConfig": { "defaults": { "min": 0, "max": 1, "unit": "short", "color": { "mode": "thresholds", "thresholds": { "mode": "absolute", "steps": [ { "color": "green", "value": null }, { "color": "yellow", "value": 0.15 }, { "color": "red", "value": 0.35 } ] } } } },
        "gridPos": { "h": 6, "w": 6, "x": 0, "y": 6 }
      },
      {
        "title": "Verifier Status (24h)",
        "type": "piechart",
        "targets": [
          { "expr": "sum(rate(wheel_verifier_calls_total{status='secure'}[24h]))", "legendFormat": "Secure" },
          { "expr": "sum(rate(wheel_verifier_calls_total{status='caution'}[24h]))", "legendFormat": "Caution" },
            { "expr": "sum(rate(wheel_verifier_calls_total{status='critical'}[24h]))", "legendFormat": "Critical" },
            { "expr": "sum(rate(wheel_verifier_calls_total{status='other'}[24h]))", "legendFormat": "Other" }
        ],
        "gridPos": { "h": 6, "w": 6, "x": 6, "y": 6 }
      },
      {
        "title": "Color Encodes per Share (1h)",
        "type": "table",
        "targets": [
          { "expr": "sum(rate(wheel_encodings_total[1h])) by (color_emoji) / sum(rate(aurrelia_shares_total[1h]))", "legendFormat": "{{color_emoji}} enc/share" }
        ],
        "gridPos": { "h": 8, "w": 12, "x": 12, "y": 8 }
      },
      {
        "title": "Spin Evaluation Duration",
        "type": "graph",
        "targets": [ { "expr": "histogram_quantile(0.90, sum(rate(aurrelia_spin_eval_duration_ms_bucket[5m])) by (le))", "legendFormat": "p90 eval ms" } ],
        "gridPos": { "h": 8, "w": 12, "x": 0, "y": 12 }
      },
      {
        "title": "Energy Efficiency Factor",
        "type": "graph",
        "targets": [ { "expr": "aurrelia_spin_energy_efficiency_factor", "legendFormat": "efficiency" } ],
        "gridPos": { "h": 8, "w": 12, "x": 12, "y": 16 }
      }
    ],
    "time": { "from": "now-6h", "to": "now" },
    "refresh": "30s",
    "schemaVersion": 39,
    "version": 1,
    "annotations": { "list": [] },
    "templating": { "list": [] },
    "editable": true,
    "fiscalYearStartMonth": 0,
    "weekStart": ""
  },
  "overwrite": false
}