{
  "dashboard": {
    "id": null,
    "title": "Wheel Mining + Pi Swarm Dashboard",
    "tags": ["aurrelia", "wheel", "mining", "pi_cluster"],
    "style": "dark",
    "timezone": "browser",
    "panels": [
      {
        "title": "Mining Overview (3060 + Pi Swarm)",
        "type": "stat",
        "targets": [
          { "expr": "sum(rate(aurrelia_hashes_total[5m]))", "legendFormat": "Total Hashes/s" },
          { "expr": "sum(rate(aurrelia_shares_total[5m]))", "legendFormat": "Total Shares/s" }
        ],
        "fieldConfig": { "defaults": { "unit": "short" } },
        "gridPos": { "h": 6, "w": 12, "x": 0, "y": 0 }
      },
      {
        "title": "Color Phase Distribution",
        "type": "heatmap",
        "targets": [ { "expr": "sum(rate(wheel_color_phase_histogram_bucket[5m])) by (le, mood, coin)", "legendFormat": "{{mood}}" } ],
        "gridPos": { "h": 6, "w": 12, "x": 12, "y": 0 }
      },
      {
        "title": "Aggregate Spin Variance (GPU Rig)",
        "type": "gauge",
        "targets": [ { "expr": "wheel_aggregate_spin_variance{coin!=''}", "legendFormat": "Variance" } ],
        "fieldConfig": { "defaults": { "min": 0, "max": 1, "color": { "mode": "thresholds", "thresholds": { "steps": [ { "color": "green" }, { "color": "yellow", "value": 0.5 }, { "color": "red", "value": 0.8 } ] } } } },
        "gridPos": { "h": 6, "w": 6, "x": 0, "y": 6 }
      },
      {
        "title": "Verifier Status (24h)",
        "type": "piechart",
        "targets": [
          { "expr": "sum(rate(wheel_verifier_calls_total{status='secure'}[24h]))", "legendFormat": "Secure" },
          { "expr": "sum(rate(wheel_verifier_calls_total{status='caution'}[24h]))", "legendFormat": "Caution" },
          { "expr": "sum(rate(wheel_verifier_calls_total{status='critical'}[24h]))", "legendFormat": "Critical" }
        ],
        "gridPos": { "h": 6, "w": 6, "x": 6, "y": 6 }
      },
      {
        "title": "Verifier Latency p95 (5m)",
        "type": "stat",
        "targets": [ { "expr": "histogram_quantile(0.95, sum(rate(wheel_verifier_latency_ms_bucket[5m])) by (le))", "legendFormat": "p95 ms" } ],
        "fieldConfig": { "defaults": { "unit": "ms" } },
        "gridPos": { "h": 6, "w": 6, "x": 12, "y": 6 }
      },
      {
        "title": "Color Encodes vs. Shares Correlation",
        "type": "table",
        "targets": [ { "expr": "sum(rate(wheel_encodings_total[1h])) by (color_emoji,coin) / sum(rate(aurrelia_shares_total[1h])) by (coin)", "legendFormat": "{{color_emoji}}/{{coin}}" } ],
        "gridPos": { "h": 6, "w": 12, "x": 18, "y": 6 }
      },
      { "title": "Pi Swarm Overview", "type": "row", "collapsed": false, "gridPos": { "h": 1, "w": 24, "x": 0, "y": 12 } },
      {
        "title": "Pi Uptime (days)",
        "type": "graph",
        "targets": [ { "expr": "node_time_seconds{job='pis'} - node_boot_time_seconds{job='pis'}", "legendFormat": "{{instance}}" } ],
        "gridPos": { "h": 6, "w": 8, "x": 0, "y": 13 }
      },
      {
        "title": "Pi Temperatures (°C)",
        "type": "graph",
        "targets": [ { "expr": "node_hwmon_temp_celsius{job='pis'}", "legendFormat": "{{instance}}" } ],
        "fieldConfig": { "defaults": { "unit": "celsius" } },
        "gridPos": { "h": 6, "w": 8, "x": 8, "y": 13 }
      },
      {
        "title": "Pi Hardware Spin Variance",
        "type": "graph",
        "targets": [ { "expr": "wheel_aggregate_spin_variance_hw{hardware='raspberry_pi'}", "legendFormat": "{{coin}}/{{hardware}}" } ],
        "gridPos": { "h": 6, "w": 8, "x": 16, "y": 13 }
      },
      {
        "title": "BTT Relay Yield per Pi (tokens/hr)",
        "type": "barGauge",
        "targets": [ { "expr": "rate(btt_relay_tokens_total{job='pis'}[1h])", "legendFormat": "{{instance}}" } ],
        "fieldConfig": { "defaults": { "unit": "short" } },
        "gridPos": { "h": 6, "w": 12, "x": 0, "y": 19 }
      },
      {
        "title": "Pi Spin Variance vs GPU Variance",
        "type": "graph",
        "targets": [
          { "expr": "avg(wheel_aggregate_spin_variance_hw{hardware='raspberry_pi'})", "legendFormat": "Pi Avg" },
          { "expr": "wheel_aggregate_spin_variance", "legendFormat": "GPU Rig" }
        ],
        "gridPos": { "h": 6, "w": 12, "x": 12, "y": 19 }
      },
      {
        "title": "Pi Cluster Correlation: Spins & BTT per Share",
        "type": "table",
        "targets": [
          { "expr": "sum(rate(wheel_encodings_total{job='pis'}[1h])) / sum(rate(aurrelia_shares_total[1h]))", "legendFormat": "Pi Spins/Share" },
          { "expr": "sum(rate(btt_relay_tokens_total{job='pis'}[1h])) / sum(rate(aurrelia_shares_total[1h]))", "legendFormat": "BTT/Share" }
        ],
        "gridPos": { "h": 6, "w": 12, "x": 0, "y": 25 }
      },
      {
        "title": "Verifier Latency Distribution",
        "type": "heatmap",
        "targets": [ { "expr": "sum(rate(wheel_verifier_latency_ms_bucket[5m])) by (le)", "legendFormat": "Latency" } ],
        "gridPos": { "h": 6, "w": 12, "x": 12, "y": 25 }
      }
    ],
    "time": { "from": "now-6h", "to": "now" },
    "refresh": "15s",
    "schemaVersion": 39,
    "version": 1,
    "annotations": { "list": [] },
    "templating": { "list": [ { "name": "pi_instance", "type": "query", "query": "label_values(node_uname_info{job='pis'}, instance)" } ] },
    "editable": true
  },
  "overwrite": true
}