[
  { "id": "scn:rvn_bias_up", "tradingBiasDelta": 0.06, "spreadExpectation": 0.11, "avatarParams": { "scale": 1.05, "focusShell": 1, "emphasisAxis": "y" } },
  { "id": "scn:fren_bias_down", "tradingBiasDelta": -0.04, "spreadExpectation": 0.09, "avatarParams": { "scale": 0.95, "focusShell": 2, "emphasisAxis": "x" } },
  { "id": "scn:rvn_latency_guard", "tradingBiasDelta": 0.02, "spreadExpectation": 0.07, "avatarParams": { "scale": 1.0, "focusShell": 0, "emphasisAxis": "z" } },
  { "id": "scn:fren_volatility_tune", "tradingBiasDelta": 0.03, "spreadExpectation": 0.1, "avatarParams": { "scale": 1.08, "focusShell": 2, "emphasisAxis": "y" } },
  { "id": "scn:cross_regime_probe", "tradingBiasDelta": 0.0, "spreadExpectation": 0.05, "avatarParams": { "scale": 1.02, "focusShell": 1, "emphasisAxis": "x" } },
  { "id": "scn:fee_pressure_relief", "tradingBiasDelta": 0.01, "spreadExpectation": 0.06, "avatarParams": { "scale": 0.98, "focusShell": 0, "emphasisAxis": "y" } }
]
