[
  {
    "id": "physics.em.wave.duality",
    "domain": "physics",
    "tags": ["electromagnetism","wavefunction","duality"],
    "coreFacts": [
      "electron_pointlike_upper_radius_lt_1e-22m",
      "heisenberg_uncertainty_dx_dp_ge_hbar_over_2",
      "maxwell_curl_b_minus_inv_c2_dt_e_equals_mu0_j"
    ],
    "conceptVector": [0.12,0.34,0.56,0.22,0.41]
  },
  {
    "id": "qft.dirac.spinor.fundamentals",
    "domain": "qft",
    "tags": ["dirac","spinor","antimatter"],
    "coreFacts": [
      "dirac_predicts_positron",
      "spin_half_magnetic_moment_g_approx_2",
      "clifford_algebra_anticommutation_relations"
    ],
    "conceptVector": [0.44,0.18,0.27,0.63,0.52]
  },
  {
    "id": "math.complex.plane.foundation",
    "domain": "math",
    "tags": ["complex","imaginary","number-line"],
    "coreFacts": [
      "complex_plane_real_imag_axes",
      "modulus_phase_representation",
      "eulers_identity_e_ip_pi_plus_1_eq_0"
    ],
    "conceptVector": [0.05,0.91,0.33,0.29,0.47]
  }
]
