{
  "ts": "2025-10-20T02:07:50.932Z",
  "ledgers": [
    {
      "name": "companion",
      "path": "companion-suggestions.jsonl",
      "entries": 0,
      "issues": [
        "missing"
      ],
      "ok": false
    },
    {
      "name": "income",
      "path": "income-ledger.jsonl",
      "entries": 0,
      "issues": [
        "missing"
      ],
      "ok": false
    },
    {
      "name": "tradeAB",
      "path": "trade-ab-ledger.jsonl",
      "entries": 0,
      "issues": [
        "missing"
      ],
      "ok": false
    },
    {
      "name": "governanceDecisions",
      "path": "governance-decisions.jsonl",
      "entries": 0,
      "issues": [
        "missing"
      ],
      "ok": false
    }
  ]
}