{
  "version": "1.1.0",
  "generatedTs": 1762873496906,
  "entries": {
    "{\"n\":502,\"seed\":\"prune-2\",\"corrPrudence\":-0.25,\"corrTruth\":0.35,\"corrJusticeFairness\":0.3,\"boot\":500,\"perm\":400,\"refineTol\":0.01,\"refineMaxIter\":4}": {
      "metrics": {
        "n": 5000,
        "corrPrudenceHarm": 0,
        "corrTruthfulnessPass": 0,
        "corrJusticeFairness": 0,
        "bootstrap": {
          "prudenceHarm": {
            "median": 0,
            "ci": [
              0,
              0
            ]
          },
          "truthTruthPass": {
            "median": 0,
            "ci": [
              0,
              0
            ]
          }
        },
        "permutationP": {
          "prudenceHarm": 1,
          "truthTruthPass": 1
        },
        "aucHarm": 0.5,
        "domainVariance": 0,
        "targets": {
          "corrPrudenceTarget": -0.25,
          "corrTruthTarget": 0.35,
          "corrJusticeFairnessTarget": 0.3
        },
        "refine": {
          "tol": 0.01,
          "maxIter": 4,
          "harmIters": 0,
          "truthIters": 0,
          "fairnessIters": 0
        },
        "bootIterations": 500,
        "permutationIterations": 400,
        "deltaPrudenceHarm": 0.25,
        "deltaTruthPass": -0.35,
        "deltaJusticeFairness": -0.3,
        "computeDurationMs": 2020,
        "runDurationMs": 2037
      },
      "createdTs": 1762873493351,
      "lastAccessTs": 1762873493351
    },
    "{\"n\":503,\"seed\":\"prune-3\",\"corrPrudence\":-0.25,\"corrTruth\":0.35,\"corrJusticeFairness\":0.3,\"boot\":500,\"perm\":400,\"refineTol\":0.01,\"refineMaxIter\":4}": {
      "metrics": {
        "n": 5000,
        "corrPrudenceHarm": 0,
        "corrTruthfulnessPass": 0,
        "corrJusticeFairness": 0,
        "bootstrap": {
          "prudenceHarm": {
            "median": 0,
            "ci": [
              0,
              0
            ]
          },
          "truthTruthPass": {
            "median": 0,
            "ci": [
              0,
              0
            ]
          }
        },
        "permutationP": {
          "prudenceHarm": 1,
          "truthTruthPass": 1
        },
        "aucHarm": 0.5,
        "domainVariance": 0,
        "targets": {
          "corrPrudenceTarget": -0.25,
          "corrTruthTarget": 0.35,
          "corrJusticeFairnessTarget": 0.3
        },
        "refine": {
          "tol": 0.01,
          "maxIter": 4,
          "harmIters": 0,
          "truthIters": 0,
          "fairnessIters": 0
        },
        "bootIterations": 500,
        "permutationIterations": 400,
        "deltaPrudenceHarm": 0.25,
        "deltaTruthPass": -0.35,
        "deltaJusticeFairness": -0.3,
        "computeDurationMs": 1676,
        "runDurationMs": 1688
      },
      "createdTs": 1762873495039,
      "lastAccessTs": 1762873495039
    },
    "{\"n\":504,\"seed\":\"prune-4\",\"corrPrudence\":-0.25,\"corrTruth\":0.35,\"corrJusticeFairness\":0.3,\"boot\":500,\"perm\":400,\"refineTol\":0.01,\"refineMaxIter\":4}": {
      "metrics": {
        "n": 5000,
        "corrPrudenceHarm": 0,
        "corrTruthfulnessPass": 0,
        "corrJusticeFairness": 0,
        "bootstrap": {
          "prudenceHarm": {
            "median": 0,
            "ci": [
              0,
              0
            ]
          },
          "truthTruthPass": {
            "median": 0,
            "ci": [
              0,
              0
            ]
          }
        },
        "permutationP": {
          "prudenceHarm": 1,
          "truthTruthPass": 1
        },
        "aucHarm": 0.5,
        "domainVariance": 0,
        "targets": {
          "corrPrudenceTarget": -0.25,
          "corrTruthTarget": 0.35,
          "corrJusticeFairnessTarget": 0.3
        },
        "refine": {
          "tol": 0.01,
          "maxIter": 4,
          "harmIters": 0,
          "truthIters": 0,
          "fairnessIters": 0
        },
        "bootIterations": 500,
        "permutationIterations": 400,
        "deltaPrudenceHarm": 0.25,
        "deltaTruthPass": -0.35,
        "deltaJusticeFairness": -0.3,
        "computeDurationMs": 1669,
        "runDurationMs": 1677
      },
      "createdTs": 1762873496716,
      "lastAccessTs": 1762873496716
    }
  }
}