{
  "ok": true,
  "health": {
    "status": "cold",
    "noise": {
      "labelFlipPct": 0,
      "emaVsMedianDeltaLatest": 0.05298,
      "emaVsMedianDeltaRollingAvg": -0.102824,
      "sampleCount": 9
    },
    "lastAlert": {
      "ts": 1761525714689,
      "type": "emaMedian:low",
      "severity": "critical",
      "rollingEmaVsMedianAvg": -0.109178,
      "emaVsMedianDelta": -0.214154,
      "magnitude": 0.214154,
      "threshold": -0.0001,
      "params": {
        "EMA_MEDIAN_ALERT_LOW": -0.0001,
        "EMA_MEDIAN_ALERT_HIGH": 0.0001,
        "SEV_HIGH": 0.15,
        "SEV_MED": 0.08
      },
      "prevHash": "GENESIS",
      "chainHash": "<HASH>"
    },
    "alertCount": 1,
    "histogram": null
  },
  "ts": 1761534759832,
  "chainHash": "<HASH>",
  "prevHash": "<HASH>"
}