{
  "version": 2,
  "softMaxDepth": 16,
  "hardMaxDepth": 24,
  "costCollapseThreshold": 50000,
  "defaultWindowMs": 60000,
  "minWindowMs": 5000,
  "maxWindowMs": 300000,
  "accelRatioEnforce": true,
  "reloadIntervalSec": 120,
  "signatureGuardEnabled": true,
  "reasonsEnabled": ["depth_exceeded", "cost_exceeded", "accel_ratio_invalid", "hard_cap_collapse", "soft_cap_collapse"],
  "rationale": "Version 2 adds signature guard enable flag, expands reasons for collapse visibility, and supports rollback integrity.",
  "notes": "Dynamic policy for TraceQL depth guard; adjust thresholds without code redeploy."
}
