{
  "minSampleCount": 500,
  "maxAllowedLagSeconds": 5,
  "minPctChangeWarning": 0.08,
  "minPctChangeCritical": 0.08,
  "maxWarningIncreaseFactor": 1.6,
  "maxCriticalIncreaseFactor": 1.6,
  "minBreachFractionForRaise": 0.25,
  "minHoursSinceLastPatch": 24,
  "historyFile": "threshold-history.jsonl",
  "rulesFile": "prometheus-rules-mad.yml",
  "outputPatch": "mad-threshold-auto.patch",
  "applyDirect": false,
  "decisionMetricsFile": "seraphina-governance.prom",
  "decisionLogFile": "threshold-governance-decisions.jsonl",
  "slackWebhook": "" 
}