{
  "title": "Seraphina.AGI Security Audit (MIT Licensed)",
  "date": "2025-11-28T21:02:50.340067",
  "version": "1.0.0",
  "license": "MIT",
  "findings": [
    {
      "category": "Cryptography",
      "status": "PASS",
      "notes": "AES-256 GCM used correctly; PBKDF2 986 iterations; SHA-256 leaves"
    },
    {
      "category": "Key Management",
      "status": "PASS",
      "notes": "No hardcoded secrets; keys derived from input; HMAC verification enabled"
    },
    {
      "category": "Injection Protection",
      "status": "PASS",
      "notes": "Copilot shield blocks .ssh, id_rsa, wallet, seed, mnemonic, .env patterns"
    },
    {
      "category": "Integrity Verification",
      "status": "PASS",
      "notes": "SHA-256 manifest + HMAC seal; lattice hash verification on query"
    },
    {
      "category": "Build Reproducibility",
      "status": "PASS",
      "notes": "Deterministic seed-based generation; same input \u2192 same encryption"
    },
    {
      "category": "Remote Access",
      "status": "PASS",
      "notes": "HMAC-sealed commands; SSH fallback; no plaintext credentials"
    },
    {
      "category": "Data Sanitization",
      "status": "PASS",
      "notes": "Archive excludes .env, .venv, logs, personal configs; paths redacted"
    },
    {
      "category": "Deterministic Reproducibility",
      "status": "PASS",
      "notes": "All Seraphina files included; same seed \u2192 same output guaranteed"
    }
  ],
  "recommendations": [
    "Use strong seal keys (256-bit hex minimum)",
    "Store seal keys in secure vault, not source control",
    "Verify ISO HMAC before flashing to hardware",
    "Monitor copilot service logs for injection attempts",
    "Rotate PBKDF2 salt periodically for key derivation",
    "Review OctaPowershell logs for unauthorized commands",
    "Maintain deterministic build process for compliance"
  ]
}