{
  "description": "Real Bitcoin & RVN Mining Configuration - NO SIMULATION",
  "version": "2.0.0",
  "updated": "2025-10-03",
  "mode": "REAL_MINING_ONLY",
  
  "kraken_integration": {
    "description": "Bitcoin auto-transfers to Kraken account",
    "btc_address": "34XctrDk5T32VxMB12nbTDbZhCNcnhZLzf",
    "transfer_thresholds": {
      "BTC": 0.001
    },
    "transfer_mode": "automatic_real_time"
  },
  
  "local_wallets": {
    "description": "RVN stays in local wallet - never transfers",
    "RVN": {
      "address": "RN8pfAiHrggo4YcfPzE8MuntvFVZqmYQy7",
      "keep_local": true,
      "never_transfer": true,
      "accumulate_forever": true,
      "description": "Ravencoin ALWAYS stays local - ZERO auto-transfers"
    }
  },
  
  "mining_pools": {
    "bitcoin": {
      "pool": "F2Pool",
      "host": "stratum+tcp://btc.f2pool.com:3333",
      "destination": "kraken_auto_transfer",
      "status": "ACTIVE_REAL_MINING"
    },
    "ravencoin": {
      "pool": "2Miners", 
      "host": "stratum+tcp://rvn.2miners.com:6060",
      "destination": "local_wallet_keep_forever",
      "status": "ACTIVE_REAL_MINING"
    }
  },
  
  "routing_rules": {
    "auto_transfer_to_kraken": ["BTC"],
    "keep_in_local_wallet_forever": ["RVN"],
    "description": "BTC → Kraken, RVN → Local (NEVER transfer RVN)"
  },
  
  "real_mining_settings": {
    "simulation_mode": false,
    "real_pool_connections": true,
    "real_hashrate_calculation": true,
    "real_earnings_tracking": true,
    "live_data_updates": true
  },
  
  "current_prices": {
    "BTC": 66800,
    "RVN": 0.045,
    "last_updated": "2025-10-03"
  },
  
  "performance_targets": {
    "btc_real_hashrate": "measured_from_shares",
    "rvn_real_hashrate": "measured_from_shares", 
    "data_source": "direct_pool_feedback",
    "update_frequency": "real_time"
  },
  
  "instructions": {
    "setup": [
      "1. REAL MINING ONLY - No simulation code",
      "2. BTC mines to F2Pool → Auto-transfers to Kraken",
      "3. RVN mines to 2Miners → Stays in local wallet FOREVER",
      "4. Real hashrates calculated from actual share submissions",
      "5. Monitor real-time dashboard at http://localhost:9999"
    ],
    "currency_flow": {
      "BTC": "Real Mine → F2Pool → Auto-transfer to Kraken when ≥0.001 BTC",
      "RVN": "Real Mine → 2Miners → Accumulate in local wallet (NEVER transfer)"
    },
    "key_changes": [
      "✅ Removed all simulation code",
      "✅ Real pool connections only", 
      "✅ Actual hashrate from share data",
      "✅ Real earnings calculations",
      "✅ Live price updates",
      "✅ Focus on BTC + RVN only"
    ]
  }
}