{
  "ts": "2025-10-21T03:25:05.761Z",
  "metric": "netGain",
  "feesMode": "netSpread",
  "candidateCount": 24,
  "base": {
    "vector": [
      0.32,
      -0.18,
      0.28,
      0.15,
      0.09
    ],
    "score": 0,
    "netGain": 0,
    "missed": 0,
    "churn": 0
  },
  "best": {
    "vector": [
      0.3,
      -0.23,
      0.26,
      0.13,
      0.11
    ],
    "score": 0,
    "netGain": 0,
    "missed": 0,
    "churn": 0
  },
  "improvementPct": 0,
  "signalsDigest": "<HASH>",
  "improvementAccepted": false
}