{
  "name": "seraphina-mining-minimal",
  "version": "1.0.0",
  "private": true,
  "description": "Minimal runtime dependencies for Aurrelia / Seraphina real stratum mining (no IPFS, Arweave, Electron, web stack).",
  "main": "aurrelia-pico-mesh-miner.js",
  "type": "commonjs",
  "scripts": {
    "start:btc": "node aurrelia-pico-mesh-miner.js",
    "start:ltc": "AUR_COIN=ltc node aurrelia-pico-mesh-miner.js",
    "audit": "npm audit --omit=dev || exit 0"
  },
  "dependencies": {
    "scryptsy": "^2.1.0"
  }
}