{
  "name": "seraphina-50b-clone-army",
  "version": "1.0.0",
  "description": "Seraphina.AI 50 Billion Neural Clone Mining Army",
  "main": "seraphina-50b-clone-army.js",
  "bin": "seraphina-50b-clone-army.js",
  "pkg": {
    "scripts": [
      "seraphina-50b-clone-army.js"
    ],
    "targets": [
      "node18-win-x64"
    ],
    "outputPath": "dist"
  },
  "scripts": {
    "build": "pkg . --out-path dist",
    "build-win": "pkg . --targets node18-win-x64 --out-path dist",
    "start": "node seraphina-50b-clone-army.js"
  },
  "dependencies": {
    "express": "^4.18.2",
    "ws": "^8.14.2"
  },
  "keywords": [
    "mining",
    "cryptocurrency",
    "bitcoin",
    "ravencoin",
    "neural",
    "ai",
    "seraphina"
  ],
  "author": "Seraphina.AI Neural Collective",
  "license": "MIT"
}