{
  "ts": "2025-10-19T19:58:40.629Z",
  "results": [
    {
      "coin": "BTC",
      "host": "pool.ckpool.org",
      "port": 3333,
      "connectMs": 513,
      "ok": true,
      "error": null,
      "attempts": 1
    },
    {
      "coin": "FREN",
      "host": "fren.aikapool.com",
      "port": 3333,
      "connectMs": null,
      "ok": false,
      "error": "getaddrinfo ENOTFOUND fren.aikapool.com",
      "attempts": 1
    },
    {
      "coin": "KAS",
      "host": "pool.kaspamining.com",
      "port": 16110,
      "connectMs": null,
      "ok": false,
      "error": "getaddrinfo ENOTFOUND pool.kaspamining.com",
      "attempts": 1
    },
    {
      "coin": "RVN",
      "host": "raven.f2pool.com",
      "port": 3636,
      "connectMs": null,
      "ok": false,
      "error": "getaddrinfo ENOTFOUND raven.f2pool.com",
      "attempts": 1
    }
  ],
  "aggregateSha256": "<HASH>"
}