{
  "$id": "https://aurrelia.ai/schema/metrics-v1.json",
  "$schema": "http://json-schema.org/draft-07/schema#",
  "title": "Aurrelia Metrics Record",
  "type": "object",
  "required": ["t","hashes","attempted","algo","coin","seed","configHash"],
  "properties": {
    "schemaVersion": { "type": "string" },
    "t": { "type": "number" },
    "hashes": { "type": "number", "minimum": 0 },
    "shares": { "type": "number", "minimum": 0 },
    "attempted": { "type": "number", "minimum": 0 },
    "algo": { "type": "string" },
    "coin": { "type": "string" },
    "seed": { "type": "number" },
    "burrowDepth": { "type": "number" },
    "pruneThreshold": { "type": "number" },
    "configHash": { "type": "string", "pattern": "^[0-9a-f]{64}$" },
    "configHmac": { "type": "string" },
    "sourceManifestHash": { "type": "string" },
    "ths": { "type": "string" },
    "wasm": { "type": "object" },
    "difficulty": {
      "type": "object",
      "properties": {
        "p50": { "type": "number" },
        "p90": { "type": "number" },
        "p95": { "type": "number" },
        "p99": { "type": "number" }
      },
      "additionalProperties": true
    },
    "schemaHmac": { "type": "string" }
  },
  "additionalProperties": true
}
